Product Line,Product Name,Condition,Number,Set,Rarity,Quantity,Main Photo URL,Set Release Date,SkuId,Order Quantity
"Magic","Momentum Breaker","Near Mint","97","Aetherdrift","U","2","","02/14/2025 00:00:00","8529092","95CE391B-1608BA-260A2:2"
"Magic","Oviya, Automech Artisan","Near Mint","173","Aetherdrift","R","2","","02/14/2025 00:00:00","8549174","95CE391B-72FEDD-7435A:2"
"Magic","Drana and Linvala","Near Mint","222","March of the Machine","R","3","","04/14/2023 00:00:00","7006697","95CE391B-1A1523-69FE5:1 | 95CE391B-F24813-25B85:2"
"Magic","Surrak and Goreclaw","Near Mint","337","March of the Machine","R","1","","04/14/2023 00:00:00","7045916","95CE391B-A7DB77-F2AB0:1"
"Magic","Blackcleave Cliffs","Near Mint","248","Phyrexia: All Will Be One","R","2","","02/03/2023 00:00:00","6930693","95CE391B-15B100-9814B:1 | 95CE391B-769522-9573C:1"
"Magic","Copperline Gorge","Near Mint","249","Phyrexia: All Will Be One","R","1","","02/03/2023 00:00:00","6930773","95CE391B-769522-9573C:1"
"Magic","Razorverge Thicket","Near Mint","257","Phyrexia: All Will Be One","R","1","","02/03/2023 00:00:00","6930988","95CE391B-769522-9573C:1"
"Magic","Liberator, Urza's Battlethopter","Near Mint","237","The Brothers' War","R","1","","11/18/2022 00:00:00","6687963","95CE391B-5A0D54-A120B:1"
"Magic","Semblance Anvil","Near Mint","52","The Brothers' War: Retro Frame Artifacts","R","1","","11/18/2022 00:00:00","6699691","95CE391B-5A0D54-A120B:1"
"Magic","Caves of Koilos","Near Mint","244","Dominaria United","R","4","","09/09/2022 00:00:00","5745071","95CE391B-1608BA-260A2:4"
"Magic","Destroy Evil","Near Mint","17","Dominaria United","C","1","","09/09/2022 00:00:00","5782630","95CE391B-1608BA-260A2:1"
"Magic","Sulfurous Springs","Near Mint","256","Dominaria United","R","1","","09/09/2022 00:00:00","5742881","95CE391B-15B100-9814B:1"
"Magic","Thran Portal","Near Mint","259","Dominaria United","R","1","","09/09/2022 00:00:00","5772585","95CE391B-1608BA-260A2:1"
"Magic","Rakdos Signet","Near Mint","272","Starter Commander Decks","U","1","","12/02/2022 00:00:00","6785903","95CE391B-769522-9573C:1"
"Magic","Talisman of Dominance","Near Mint","280","Starter Commander Decks","U","1","","12/02/2022 00:00:00","6780863","95CE391B-769522-9573C:1"
"Magic","Branching Evolution","Near Mint","285","Modern Horizons 3","R","1","","06/14/2024 00:00:00","7963159","95CE391B-FD1097-F9A52:1"
"Magic","Tireless Provisioner","Near Mint","180","Modern Horizons 2","U","1","","06/19/2021 00:00:00","4985392","95CE391B-72FEDD-7435A:1"
"Magic","Hinterland Harbor","Near Mint","248","Dominaria Remastered","R","1","","01/13/2023 00:00:00","6788055","95CE391B-769522-9573C:1"
"Magic","Thran Portal","Near Mint Foil","259","Dominaria United","R","1","","09/09/2022 00:00:00","5772590","95CE391B-1608BA-260A2:1"
Orders Contained in Pull Sheet:,95CE391B-1A1523-69FE5|95CE391B-A7DB77-F2AB0|95CE391B-FD1097-F9A52|95CE391B-F24813-25B85|95CE391B-5A0D54-A120B|95CE391B-15B100-9814B|95CE391B-72FEDD-7435A|95CE391B-769522-9573C|95CE391B-1608BA-260A2
